<favourites>
    <favourite name="Speed Tester" thumb="image://%2fstorage%2femulated%2f0%2fAndroid%2fdata%2fkodi.stube.tv%2ffiles%2f.kodi%2faddons%2fscript.speedtester%2fresources%2fmedia%2ficon.png/" fanart="none">RunScript(&quot;script.speedtester&quot;)</favourite>
    <favourite name="DNS Leak-Test" thumb="image://%2fstorage%2femulated%2f0%2fAndroid%2fdata%2fkodi.stube.tv%2ffiles%2f.kodi%2faddons%2fplugin.program.dnsleaktest%2ficon.png/" fanart="image://%2fstorage%2femulated%2f0%2fAndroid%2fdata%2fkodi.stube.tv%2ffiles%2f.kodi%2faddons%2fplugin.program.dnsleaktest%2ffanart.jpg/">ActivateWindow(programs,&quot;plugin://plugin.program.dnsleaktest&quot;,return)</favourite>
    <favourite name="Backup" thumb="image://%2fstorage%2femulated%2f0%2fAndroid%2fdata%2fkodi.stube.tv%2ffiles%2f.kodi%2faddons%2fscript.xbmcbackup%2ficon.png/" fanart="none">RunScript(&quot;script.xbmcbackup&quot;)</favourite>
    <favourite name="Enable it!" thumb="image://%2fstorage%2femulated%2f0%2fAndroid%2fdata%2fkodi.stube.tv%2ffiles%2f.kodi%2faddons%2fscript.enableit%2ficon.png/" fanart="image://%2fstorage%2femulated%2f0%2fAndroid%2fdata%2fkodi.stube.tv%2ffiles%2f.kodi%2faddons%2fscript.enableit%2ffanart.jpg/">RunScript(&quot;script.enableit&quot;)</favourite>
    <favourite name="[COLOR red]Stube[/COLOR][COLOR skyblue]TV[/COLOR] [COLOR grey]Beenden[/COLOR] " thumb="image://%2fstorage%2femulated%2f0%2fAndroid%2fdata%2fkodi.stube.tv%2ffiles%2f.kodi%2faddons%2fplugin.close.stubetv%2ficon.png/" fanart="image://%2fstorage%2femulated%2f0%2fAndroid%2fdata%2fkodi.stube.tv%2ffiles%2f.kodi%2faddons%2fplugin.close.stubetv%2ffanart.jpg/">ActivateWindow(programs,&quot;plugin://plugin.close.stubetv&quot;,return)</favourite>
    <favourite name="RSS Editor" thumb="image://%2fstorage%2femulated%2f0%2fAndroid%2fdata%2fkodi.stube.tv%2ffiles%2f.kodi%2faddons%2fscript.rss.editor%2ficon.png/" fanart="none">RunScript(&quot;script.rss.editor&quot;)</favourite>
    <favourite name="KGI YouTube API KEYS" thumb="special://home/addons/plugin.program.simple.favouritesVIDEO/resources/img/unknown.png" fanart="image://%2fstorage%2femulated%2f0%2fAndroid%2fdata%2fkodi.stube.tv%2ffiles%2f.kodi%2faddons%2fplugin.program.KGI%2ffanart.jpg/">ActivateWindow(programs,&quot;plugin://plugin.program.KGI&quot;,return)</favourite>
    <favourite name="[B][COLORdeepskyblue]KUS[/B][/COLOR] [COLORwhite]AllInOne Wizard[/COLOR]" thumb="image://%2fstorage%2femulated%2f0%2fAndroid%2fdata%2fkodi.stube.tv%2ffiles%2f.kodi%2faddons%2fplugin.program.kus-allinone-wizard%2ficon.png/" fanart="image://%2fstorage%2femulated%2f0%2fAndroid%2fdata%2fkodi.stube.tv%2ffiles%2f.kodi%2faddons%2fplugin.program.kus-allinone-wizard%2ffanart.jpg/">ActivateWindow(programs,&quot;plugin://plugin.program.kus-allinone-wizard&quot;,return)</favourite>
    <favourite name="[B][COLOR red]Stube [COLOR skyblue][B]Cleaner[/B][/COLOR]" thumb="image://%2fstorage%2femulated%2f0%2fAndroid%2fdata%2fkodi.stube.tv%2ffiles%2f.kodi%2faddons%2fscript.StubeCleaner%2ficon.png/" fanart="image://%2fstorage%2femulated%2f0%2fAndroid%2fdata%2fkodi.stube.tv%2ffiles%2f.kodi%2faddons%2fscript.StubeCleaner%2ffanart.jpg/">RunScript(&quot;script.StubeCleaner&quot;)</favourite>
</favourites>