<favourites>
    <favourite name="xStream" thumb="image://%2fstorage%2femulated%2f0%2fAndroid%2fdata%2fkodi.stube.tv%2ffiles%2f.kodi%2faddons%2fplugin.video.xstream%2ficon.png/" fanart="image://%2fstorage%2femulated%2f0%2fAndroid%2fdata%2fkodi.stube.tv%2ffiles%2f.kodi%2faddons%2fplugin.video.xstream%2ffanart.jpg/">ActivateWindow(videos,&quot;plugin://plugin.video.xstream&quot;,return)</favourite>
    <favourite name="Xship" thumb="image://%2fstorage%2femulated%2f0%2fAndroid%2fdata%2fkodi.stube.tv%2ffiles%2f.kodi%2faddons%2fplugin.video.xship%2ficon.png/" fanart="image://%2fstorage%2femulated%2f0%2fAndroid%2fdata%2fkodi.stube.tv%2ffiles%2f.kodi%2faddons%2fplugin.video.xship%2ffanart.jpg/">ActivateWindow(videos,&quot;plugin://plugin.video.xship&quot;,return)</favourite>
    <favourite name="Lastship" thumb="image://%2fstorage%2femulated%2f0%2fAndroid%2fdata%2fkodi.stube.tv%2ffiles%2f.kodi%2faddons%2fplugin.video.lastship%2ficon.png/" fanart="image://%2fstorage%2femulated%2f0%2fAndroid%2fdata%2fkodi.stube.tv%2ffiles%2f.kodi%2faddons%2fplugin.video.lastship%2ffanart.jpg/">ActivateWindow(videos,&quot;plugin://plugin.video.lastship&quot;,return)</favourite>
    <favourite name="OpenInfo" thumb="image://%2fstorage%2femulated%2f0%2fAndroid%2fdata%2fkodi.stube.tv%2ffiles%2f.kodi%2faddons%2fscript.extendedinfo%2fresources%2ficon.png/" fanart="image://%2fstorage%2femulated%2f0%2fAndroid%2fdata%2fkodi.stube.tv%2ffiles%2f.kodi%2faddons%2fscript.extendedinfo%2fresources%2ffanart.jpg/">RunScript(&quot;script.extendedinfo&quot;)</favourite>
    <favourite name="OpenMeta" thumb="image://%2fstorage%2femulated%2f0%2fAndroid%2fdata%2fkodi.stube.tv%2ffiles%2f.kodi%2faddons%2fplugin.video.openmeta%2fresources%2ficon.png/" fanart="image://%2fstorage%2femulated%2f0%2fAndroid%2fdata%2fkodi.stube.tv%2ffiles%2f.kodi%2faddons%2fplugin.video.openmeta%2fresources%2ffanart.jpg/">ActivateWindow(videos,&quot;plugin://plugin.video.openmeta&quot;,return)</favourite>
    <favourite name="[COLOR blue]Kinox.to[/COLOR]" thumb="image://%2fstorage%2femulated%2f0%2fAndroid%2fdata%2fkodi.stube.tv%2ffiles%2f.kodi%2faddons%2fplugin.video.kinox.to%2fresources%2ficon.png/" fanart="image://%2fstorage%2femulated%2f0%2fAndroid%2fdata%2fkodi.stube.tv%2ffiles%2f.kodi%2faddons%2fplugin.video.kinox.to%2fresources%2ffanart.jpg/">ActivateWindow(videos,&quot;plugin://plugin.video.kinox.to&quot;,return)</favourite>
    <favourite name="[COLOR lime]HD-Filme.cc[/COLOR]" thumb="image://%2fstorage%2femulated%2f0%2fAndroid%2fdata%2fkodi.stube.tv%2ffiles%2f.kodi%2faddons%2fplugin.video.hdfilme.cc%2fresources%2ficon.png/" fanart="image://%2fstorage%2femulated%2f0%2fAndroid%2fdata%2fkodi.stube.tv%2ffiles%2f.kodi%2faddons%2fplugin.video.hdfilme.cc%2fresources%2ffanart.jpg/">ActivateWindow(videos,&quot;plugin://plugin.video.hdfilme.cc&quot;,return)</favourite>
    <favourite name="[COLOR lime]HD-Filme.net[/COLOR]" thumb="image://%2fstorage%2femulated%2f0%2fAndroid%2fdata%2fkodi.stube.tv%2ffiles%2f.kodi%2faddons%2fplugin.video.hdfilme.net%2fresources%2ficon.png/" fanart="image://%2fstorage%2femulated%2f0%2fAndroid%2fdata%2fkodi.stube.tv%2ffiles%2f.kodi%2faddons%2fplugin.video.hdfilme.net%2fresources%2ffanart.jpg/">ActivateWindow(videos,&quot;plugin://plugin.video.hdfilme.net&quot;,return)</favourite>
    <favourite name="[COLOR lime]HD-Stream-Filme.com[/COLOR]" thumb="image://%2fstorage%2femulated%2f0%2fAndroid%2fdata%2fkodi.stube.tv%2ffiles%2f.kodi%2faddons%2fplugin.video.hdstreamfilme.com%2fresources%2ficon.png/" fanart="image://%2fstorage%2femulated%2f0%2fAndroid%2fdata%2fkodi.stube.tv%2ffiles%2f.kodi%2faddons%2fplugin.video.hdstreamfilme.com%2fresources%2ffanart.jpg/">ActivateWindow(videos,&quot;plugin://plugin.video.hdstreamfilme.com&quot;,return)</favourite>
    <favourite name="[COLOR gold]X-Cine.tv[/COLOR]" thumb="image://%2fstorage%2femulated%2f0%2fAndroid%2fdata%2fkodi.stube.tv%2ffiles%2f.kodi%2faddons%2fplugin.video.xcine.tv%2fresources%2ficon.png/" fanart="image://%2fstorage%2femulated%2f0%2fAndroid%2fdata%2fkodi.stube.tv%2ffiles%2f.kodi%2faddons%2fplugin.video.xcine.tv%2fresources%2ffanart.jpg/">ActivateWindow(videos,&quot;plugin://plugin.video.xcine.tv&quot;,return)</favourite>
    <favourite name="Netzkino [COLOR FF00EE00](light)[/COLOR]" thumb="image://%2fstorage%2femulated%2f0%2fAndroid%2fdata%2fkodi.stube.tv%2ffiles%2f.kodi%2faddons%2fplugin.video.netzkino_de%2ficon.png/" fanart="image://%2fstorage%2femulated%2f0%2fAndroid%2fdata%2fkodi.stube.tv%2ffiles%2f.kodi%2faddons%2fplugin.video.netzkino_de%2ffanart.jpg/">ActivateWindow(videos,&quot;plugin://plugin.video.netzkino_de&quot;,return)</favourite>
    <favourite name="FilmPalast" thumb="image://%2fstorage%2femulated%2f0%2fAndroid%2fdata%2fkodi.stube.tv%2ffiles%2f.kodi%2faddons%2fplugin.video.filmpalast_to%2ficon.png/" fanart="image://%2fstorage%2femulated%2f0%2fAndroid%2fdata%2fkodi.stube.tv%2ffiles%2f.kodi%2faddons%2fplugin.video.filmpalast_to%2ffanart.jpg/">ActivateWindow(videos,&quot;plugin://plugin.video.filmpalast_to&quot;,return)</favourite>
    <favourite name="[COLOR blue]DDL.ME[/COLOR]" thumb="image://%2fstorage%2femulated%2f0%2fAndroid%2fdata%2fkodi.stube.tv%2ffiles%2f.kodi%2faddons%2fplugin.video.ddl.me%2ficon.png/" fanart="image://%2fstorage%2femulated%2f0%2fAndroid%2fdata%2fkodi.stube.tv%2ffiles%2f.kodi%2faddons%2fplugin.video.ddl.me%2ffanart.jpg/">ActivateWindow(videos,&quot;plugin://plugin.video.ddl.me&quot;,return)</favourite>
    <favourite name="   In den Kinos" thumb="image://%2fstorage%2femulated%2f0%2fAndroid%2fdata%2fkodi.stube.tv%2ffiles%2f.kodi%2faddons%2fplugin.video.StubeFilme%2ftvmd.png/" fanart="image://%2fstorage%2femulated%2f0%2fAndroid%2fdata%2fkodi.stube.tv%2ffiles%2f.kodi%2faddons%2fplugin.video.StubeFilme%2ftvmd.png/">ActivateWindow(videos,&quot;plugin://script.extendedinfo/?info=incinemamovies&quot;,return)</favourite>
    <favourite name="   Top Filme" thumb="image://%2fstorage%2femulated%2f0%2fAndroid%2fdata%2fkodi.stube.tv%2ffiles%2f.kodi%2faddons%2fplugin.video.StubeFilme%2ftvmd.png/" fanart="image://%2fstorage%2femulated%2f0%2fAndroid%2fdata%2fkodi.stube.tv%2ffiles%2f.kodi%2faddons%2fplugin.video.StubeFilme%2ftvmd.png/">ActivateWindow(videos,&quot;plugin://script.extendedinfo/?info=topratedmovies&quot;,return)</favourite>
    <favourite name="   Beliebte Filme" thumb="image://%2fstorage%2femulated%2f0%2fAndroid%2fdata%2fkodi.stube.tv%2ffiles%2f.kodi%2faddons%2fplugin.video.StubeFilme%2ftvmd.png/" fanart="image://%2fstorage%2femulated%2f0%2fAndroid%2fdata%2fkodi.stube.tv%2ffiles%2f.kodi%2faddons%2fplugin.video.StubeFilme%2ftvmd.png/">ActivateWindow(videos,&quot;plugin://script.extendedinfo/?info=popularmovies&quot;,return)</favourite>
</favourites>