<favourites>
    <favourite name="MP3 Streams Reloaded" thumb="image://%2fstorage%2femulated%2f0%2fAndroid%2fdata%2fkodi.stube.tv%2ffiles%2f.kodi%2faddons%2fplugin.audio.mp3streams%2fresources%2fmedia%2ficon.png/" fanart="image://%2fstorage%2femulated%2f0%2fAndroid%2fdata%2fkodi.stube.tv%2ffiles%2f.kodi%2faddons%2fplugin.audio.mp3streams%2fresources%2fmedia%2ffanart.jpg/">ActivateWindow(music,&quot;plugin://plugin.audio.mp3streams&quot;,return)</favourite>
    <favourite name="Radio" thumb="special://home/addons/plugin.program.simple.favouritesVIDEO/resources/img/unknown.png" fanart="none">ActivateWindow(music,&quot;plugin://plugin.audio.radio_de&quot;,return)</favourite>
    <favourite name="[B][COLOR red]Stube[/COLOR] [COLOR skyblue]Musik[/COLOR][/B]" thumb="image://%2fstorage%2femulated%2f0%2fAndroid%2fdata%2fkodi.stube.tv%2ffiles%2f.kodi%2faddons%2fplugin.video.StubeMusik%2ficon.png/" fanart="image://%2fstorage%2femulated%2f0%2fAndroid%2fdata%2fkodi.stube.tv%2ffiles%2f.kodi%2faddons%2fplugin.video.StubeMusik%2ffanart.jpg/">ActivateWindow(music,&quot;plugin://plugin.video.StubeMusik&quot;,return)</favourite>
    <favourite name="YouTube " thumb="image://%2fstorage%2femulated%2f0%2fAndroid%2fdata%2fkodi.stube.tv%2ffiles%2f.kodi%2faddons%2fplugin.video.youtube%2ficon.png/" fanart="image://%2fstorage%2femulated%2f0%2fAndroid%2fdata%2fkodi.stube.tv%2ffiles%2f.kodi%2faddons%2fplugin.video.youtube%2ffanart.jpg/">ActivateWindow(videos,&quot;plugin://plugin.video.youtube&quot;,return)</favourite>
    <favourite name="Spotify" thumb="androidapp://sources/apps/com.spotify.tv.android.png" fanart="none">StartAndroidActivity(&quot;com.spotify.tv.android&quot;)</favourite>
    <favourite name="SmartTubeNext" thumb="androidapp://sources/apps/com.teamsmart.videomanager.tv.png" fanart="none">StartAndroidActivity(&quot;com.teamsmart.videomanager.tv&quot;)</favourite>
    <favourite name="Sound" thumb="special://home/addons/plugin.program.simple.favouritesVIDEO/resources/img/unknown.png" fanart="none">ActivateWindow(10003,&quot;ftp://34:Grenadier@192.168.2.104:2121/Sound/&quot;,return)</favourite>
</favourites>