{
    "name" : "VAVOO.TO",
    "plugin" : "plugin.video.vovooto",
    "priority" : 50,
    "is_resolvable" : "true",
    "assert": {"play_movie":["tmdb"], "play_episode": ["tmdb", "season", "episode"]},
    "fallback": {"play_movie": "global_xs.json play_movie","play_episode": "serienstream_xs.json play_episode"},
    "play_movie" : "plugin://plugin.video.vavooto/?action=get&id=movie.{tmdb}",
	"play_episode" : "plugin://plugin.video.vavooto/?action=get&episode={episode}&id=series.{tmdb}&season={season}",
	"make_playlist": "true"
}
