{
	"name" 				: "[COLORdeepskyblue]SerienStream[/COLOR]",
	"plugin" 			: "plugin.video.xstream",
	"priority"          : 200,
	"language"          : "de",
	"is_resolvable"     : "true",
	"assert"            :{
							"play_movie":       ["title", "year"],
							"play_episode":     ["showname", "season", "episode"],
							"search_movie":     ["title"],
							"search_episode":   ["showname"]  
						},
	"fallback"			:{
							"play_episode": "xstream_global.json play_episode"
						},
	"play_episode" 		:[
							"plugin://plugin.video.xstream/?function=showSearch&site=serienstream_to",
							{"keyboard": "{showname}"},
							{"dialog": "Auto"},
							{"season": "{season}"},
							{"episode": "{episode}"}
						]
}

