<favourites>
    <favourite name="[B][COLOR red]PVR[/COLOR] [COLOR skyblue]Center 2.0[/COLOR][/B]" thumb="image://%2fstorage%2femulated%2f0%2fAndroid%2fdata%2fkodi.stube.tv%2ffiles%2f.kodi%2faddons%2fplugin.program.pvrchange%2ficon.png/" fanart="image://%2fstorage%2femulated%2f0%2fAndroid%2fdata%2fkodi.stube.tv%2ffiles%2f.kodi%2faddons%2fplugin.program.pvrchange%2ffanart.jpg/">ActivateWindow(programs,&quot;plugin://plugin.program.pvrchange&quot;,return)</favourite>
   <favourite name="[COLOR deepskyblue]&gt;&gt; [COLORorangered]Beenden: [/COLOR][/COLOR]Force Kill" thumb="special://home/addons/skin.mimic.18/extras/icons/power.png" fanart="none">PlayMedia(&quot;plugin://plugin.program.kus-allinone-wizard/?mode=forceclose&quot;)</favourite>
    <favourite name="[COLOR deepskyblue]&gt;&gt; Reinigung: [COLOR lime][B]Cache + Packages + Thumbnails[/B][/COLOR][/COLOR]" thumb="special://home/addons/skin.mimic.18/extras/icons/refresh.png" fanart="none">PlayMedia(&quot;plugin://plugin.program.kus-allinone-wizard/?mode=fullclean&quot;)</favourite>
    <favourite name="[COLOR deepskyblue]&gt;&gt; Reinigung: [COLOR lime][B]nur Packages[/B][/COLOR][/COLOR]" thumb="special://home/addons/skin.mimic.18/extras/icons/refresh.png" fanart="none">PlayMedia(&quot;plugin://plugin.program.kus-allinone-wizard/?mode=clearpackages&quot;)</favourite>
    <favourite name="[COLOR deepskyblue]&gt;&gt; Sicherung: [/COLOR]erstellen" thumb="special://home/addons/skin.mimic.18/extras/icons/removabledisk.png" fanart="none">PlayMedia(&quot;plugin://plugin.program.kus-allinone-wizard/?mode=backupbuild&quot;)</favourite>
    <favourite name="[COLOR deepskyblue]&gt;&gt; Sicherung: [/COLOR]wiederherstellen" thumb="special://home/addons/skin.mimic.18/extras/icons/removabledisk.png" fanart="none">PlayMedia(&quot;plugin://plugin.program.kus-allinone-wizard/?mode=restorezip&quot;)</favourite>
    <favourite name="[COLOR deepskyblue]&gt;&gt; Reinigung: [COLOR lime][B]nur Cache[/B][/COLOR][/COLOR]" thumb="special://home/addons/skin.mimic.18/extras/icons/refresh.png" fanart="none">PlayMedia(&quot;plugin://plugin.program.kus-allinone-wizard/?mode=clearcache&quot;)</favourite>
    <favourite name="[COLOR deepskyblue]&gt;&gt; Reinigung: [COLOR lime][B]nur Thumbnails[/B][/COLOR][/COLOR]" thumb="special://home/addons/skin.mimic.18/extras/icons/refresh.png" fanart="none">PlayMedia(&quot;plugin://plugin.program.kus-allinone-wizard/?mode=clearthumb&quot;)</favourite>
    <favourite name="[COLOR deepskyblue]&gt;&gt; [COLORorangered]Beenden:[/COLOR][/COLOR] Profil neu laden" thumb="special://home/addons/skin.mimic.18/media/DefaultIconReboot.png" fanart="none">ActivateWindow(10001,&quot;plugin://plugin.program.simple.favouritesVIDEO/play/plugin%3A%2F%2Fplugin.program.kus-allinone-wizard%2F%3Fmode%3Dforceprofile&quot;,return)</favourite>
    <favourite name="[COLOR deepskyblue]&gt;&gt; [COLORorangered]Beenden: [/COLOR][/COLOR]Skin neu laden" thumb="special://home/addons/skin.mimic.18/extras/icons/power.png" fanart="none">ActivateWindow(10001,&quot;plugin://plugin.program.simple.favouritesVIDEO/play/plugin%3A%2F%2Fplugin.program.kus-allinone-wizard%2F%3Fmode%3Dforceskin&quot;,return)</favourite>
   <favourite name="[COLOR deepskyblue]&gt;&gt; [COLORorangered]System: [/COLOR][/COLOR] Datei Manager" thumb="/storage/emulated/0/Android/data/kodi.stube.tv/files/.kodi/addons/skin.StubeTVmim/extras/icons/home.png" fanart="none">ActivateWindow(10003,&quot;special://home/&quot;,return)</favourite>
   <favourite name="[COLOR deepskyblue]&gt;&gt; [COLORorangered]Beenden: [/COLOR][/COLOR]Force Close" thumb="image://http%3a%2f%2fsgkodi.de%2fWizard-Daten%2fIcons%2fM1.png/" fanart="image://%2fstorage%2femulated%2f0%2fAndroid%2fdata%2fkodi.stube.tv%2ffiles%2f.kodi%2faddons%2fplugin.program.kus-allinone-wizard%2ffanart.jpg/">PlayMedia(&quot;plugin://plugin.program.kus-allinone-wizard/?mode=forceclose&quot;)</favourite>
    <favourite name="Fresh Install - alle Daten gehen verloren!" thumb="image://http%3a%2f%2fsgkodi.de%2fWizard-Daten%2fIcons%2fM1.png/" fanart="image://%2fstorage%2femulated%2f0%2fAndroid%2fdata%2fkodi.stube.tv%2ffiles%2f.kodi%2faddons%2fplugin.program.kus-allinone-wizard%2ffanart.jpg/">PlayMedia(&quot;plugin://plugin.program.kus-allinone-wizard/?mode=freshstart&quot;)</favourite>
    <favourite name="System Tools" thumb="image://http%3a%2f%2fsgkodi.de%2fWizard-Daten%2fIcons%2fM1.png/" fanart="image://%2fstorage%2femulated%2f0%2fAndroid%2fdata%2fkodi.stube.tv%2ffiles%2f.kodi%2faddons%2fplugin.program.kus-allinone-wizard%2ffanart.jpg/">ActivateWindow(programs,&quot;plugin://plugin.program.kus-allinone-wizard/?mode=maint&amp;name=tweaks&quot;,return)</favourite>
    <favourite name="Instandhaltung" thumb="image://http%3a%2f%2fsgkodi.de%2fWizard-Daten%2fIcons%2fM1.png/" fanart="image://%2fstorage%2femulated%2f0%2fAndroid%2fdata%2fkodi.stube.tv%2ffiles%2f.kodi%2faddons%2fplugin.program.kus-allinone-wizard%2ffanart.jpg/">ActivateWindow(programs,&quot;plugin://plugin.program.kus-allinone-wizard/?mode=maint&quot;,return)</favourite>
    <favourite name="Advanced Settings Konfigurator" thumb="image://http%3a%2f%2fsgkodi.de%2fWizard-Daten%2fIcons%2fAS1.png/" fanart="image://%2fstorage%2femulated%2f0%2fAndroid%2fdata%2fkodi.stube.tv%2ffiles%2f.kodi%2faddons%2fplugin.program.kus-allinone-wizard%2ffanart.jpg/">ActivateWindow(programs,&quot;plugin://plugin.program.kus-allinone-wizard/?mode=advancedsetting&quot;,return)</favourite>
   <favourite name="[COLOR deepskyblue]&gt;&gt; [COLOR aquamarine]System - Tools: [/COLOR] Speed Test[/COLOR] Hinweis : Beim Beenden muss das Programm leider mehrfach beendet werden. " thumb="image://http%3a%2f%2fsgkodi.de%2fWizard-Daten%2fIcons%2fIS1.png/" fanart="image://%2fstorage%2femulated%2f0%2fAndroid%2fdata%2fkodi.stube.tv%2ffiles%2f.kodi%2faddons%2fplugin.program.kus-allinone-wizard%2ffanart.jpg/">PlayMedia(&quot;plugin://plugin.program.kus-allinone-wizard/?mode=speed&quot;)</favourite>
</favourites>
</favourites>