<favourites>
    <favourite name="Datei-Manager" thumb="special://home/addons/plugin.program.simple.favouritesVIDEO/resources/icons/harddisk.png" fanart="none">ActivateWindow(10003,&quot;special://home/&quot;,return)</favourite>
    <favourite name="Force Close Kodi" thumb="special://home/addons/plugin.program.simple.favouritesVIDEO/resources/icons/power.png" fanart="image://%2fstorage%2femulated%2f0%2fAndroid%2fdata%2fkodi.stube.tv%2ffiles%2f.kodi%2faddons%2fplugin.program.kus-allinone-wizard%2ffanart.jpg/">PlayMedia(&quot;plugin://plugin.program.kus-allinone-wizard/?mode=forceclose&quot;)</favourite>
    <favourite name="Instandhaltung" thumb="image://http%3a%2f%2fsgkodi.de%2fWizard-Daten%2fIcons%2fM1.png/" fanart="image://%2fstorage%2femulated%2f0%2fAndroid%2fdata%2fkodi.stube.tv%2ffiles%2f.kodi%2faddons%2fplugin.program.kus-allinone-wizard%2ffanart.jpg/">ActivateWindow(programs,&quot;plugin://plugin.program.kus-allinone-wizard/?mode=maint&quot;,return)</favourite>
    <favourite name="Advanced Settings Konfigurator" thumb="special://home/addons/plugin.program.simple.favouritesVIDEO/resources/icons/progress.png" fanart="image://%2fstorage%2femulated%2f0%2fAndroid%2fdata%2fkodi.stube.tv%2ffiles%2f.kodi%2faddons%2fplugin.program.kus-allinone-wizard%2ffanart.jpg/">ActivateWindow(programs,&quot;plugin://plugin.program.kus-allinone-wizard/?mode=advancedsetting&quot;,return)</favourite>
    <favourite name="[COLOR white]PVR[/COLOR] [COLOR cyan]Center[/COLOR]" thumb="image://%2fstorage%2femulated%2f0%2fAndroid%2fdata%2fkodi.stube.tv%2ffiles%2f.kodi%2faddons%2fplugin.program.pvrcenter%2ficon.png/" fanart="image://%2fstorage%2femulated%2f0%2fAndroid%2fdata%2fkodi.stube.tv%2ffiles%2f.kodi%2faddons%2fplugin.program.pvrcenter%2ffanart.jpg/">ActivateWindow(programs,&quot;plugin://plugin.program.pvrcenter&quot;,return)</favourite>
</favourites>