<favourites>
    <favourite name="Deutschland Sky" thumb="special://home/addons/script.vavoo.watched/resources/icon.png" fanart="none">ActivateWindow(10025,&quot;plugin://plugin.video.stubevavoo/?action=skyde&amp;group=Germany&amp;type=channels&quot;,return)</favourite>
    <favourite name="WORLD" thumb="special://home/addons/script.vavoo.watched/resources/icon.png" fanart="none">ActivateWindow(10025,&quot;plugin://plugin.video.stubevavoo/?action=channels&amp;type=channels&quot;,return)</favourite>
    <favourite name="TV JETZT" thumb="special://home/addons/plugin.video.ttg/folder.png" fanart="none">ActivateWindow(10025,&quot;plugin://plugin.video.ttg/?mode=1&amp;name=TV%20JETZT&amp;url&quot;,return)</favourite>
    <favourite name="Texxas TV Guide" thumb="special://home/addons/plugin.video.ttg/icon.png" fanart="none">RunAddon(plugin.video.ttg)</favourite>
    <favourite name="Deutschland (566)" thumb="special://home/addons/plugin.program.simple.favouritesVIDEO/resources/img/flags/de.png" fanart="none">ActivateWindow(10025,&quot;plugin://plugin.video.stubevavoo/?action=live&amp;group=Germany&quot;,return)</favourite>
    <favourite name="Polen (382)" thumb="special://home/addons/plugin.program.simple.favouritesVIDEO/resources/img/flags/pl.png" fanart="none">ActivateWindow(10025,&quot;plugin://plugin.video.stubevavoo/?action=live&amp;group=Poland&quot;,return)</favourite>
    <favourite name="Frankreich (487)" thumb="special://home/addons/plugin.program.simple.favouritesVIDEO/resources/img/flags/fr.png" fanart="none">ActivateWindow(10025,&quot;plugin://plugin.video.stubevavoo/?action=live&amp;group=France&quot;,return)</favourite>
    <favourite name="Spanien (261)" thumb="special://home/addons/plugin.program.simple.favouritesVIDEO/resources/img/flags/es.png" fanart="none">ActivateWindow(10025,&quot;plugin://plugin.video.stubevavoo/?action=live&amp;group=Spain&quot;,return)</favourite>
    <favourite name="Balkan (607)" thumb="special://home/addons/plugin.program.simple.favouritesVIDEO/resources/img/flags/balkan.jpg" fanart="none">ActivateWindow(10025,&quot;plugin://plugin.video.stubevavoo/?action=live&amp;group=Balkans&quot;,return)</favourite>
    <favourite name="Portugal (307)" thumb="special://home/addons/plugin.program.simple.favouritesVIDEO/resources/img/flags/pt.png" fanart="none">ActivateWindow(10025,&quot;plugin://plugin.video.stubevavoo/?action=live&amp;group=Portugal&quot;,return)</favourite>
    <favourite name="Albanien (471)" thumb="special://home/addons/plugin.program.simple.favouritesVIDEO/resources/img/flags/al.png" fanart="none">ActivateWindow(10025,&quot;plugin://plugin.video.stubevavoo/?action=live&amp;group=Albania&quot;,return)</favourite>
    <favourite name="Türkei (570)" thumb="special://home/addons/plugin.program.simple.favouritesVIDEO/resources/img/flags/tr.png" fanart="none">ActivateWindow(10025,&quot;plugin://plugin.video.stubevavoo/?action=live&amp;group=Turkey&quot;,return)</favourite>
    <favourite name="Arabisch (690)" thumb="special://home/addons/plugin.program.simple.favouritesVIDEO/resources/img/flags/ae.png" fanart="none">ActivateWindow(10025,&quot;plugin://plugin.video.stubevavoo/?action=live&amp;group=Arabia&quot;,return)</favourite>
    <favourite name="Brasilien (269)" thumb="special://home/addons/plugin.program.simple.favouritesVIDEO/resources/img/flags/br.png" fanart="none">ActivateWindow(10025,&quot;plugin://plugin.video.stubevavoo/?action=live&amp;group=Brazil&quot;,return)</favourite>
</favourites>